Name,amh.csv,eng.csv,ewe.csv,fra.csv,hau.csv,ibo.csv,kin.csv,lin.csv,lug.csv,orm.csv,sna.csv,sot.csv,swa.csv,twi.csv,wol.csv,xho.csv,yor.csv,zul.csv
afrixnli,61.33333333333333,85.66666666666667,54.50000000000001,74.66666666666667,61.5,45.0,64.5,30.5,63.66666666666667,50.16666666666667,56.99999999999999,68.33333333333333,70.5,56.00000000000001,50.0,68.83333333333333,63.66666666666667,63.66666666666667
africanli_translate_test,65.66666666666666,45.666666666666664,76.33333333333333,56.00000000000001,59.0,55.00000000000001,57.666666666666664,61.5,59.833333333333336
africanli_translate_test,65.66666666666666,45.666666666666664,76.33333333333333,56.00000000000001,59.0,55.00000000000001,32.0,57.666666666666664,55.833333333333336,61.5,62.5,63.83333333333333,46.33333333333333,41.833333333333336,63.5,55.333333333333336,59.833333333333336
