Name,amh.tsv,eng.tsv,ewe.tsv,fra.tsv,hau.tsv,ibo.tsv,kin.tsv,lin.tsv,lug.tsv,orm.tsv,sna.tsv,sot.tsv,swa.tsv,twi.tsv,wol.tsv,xho.tsv,yor.tsv,zul.tsv
llama3,58.166666666666664,67.5,43.0,62.0,53.5,51.33333333333333,49.833333333333336,33.0,48.5,48.833333333333336,55.00000000000001,57.333333333333336,55.50000000000001,46.166666666666664,40.666666666666664,56.666666666666664,60.66666666666667,56.166666666666664
llama3,58.166666666666664,67.5,43.0,62.0,53.5,51.33333333333333,49.833333333333336,33.0,48.5,48.833333333333336,55.00000000000001,57.333333333333336,55.50000000000001,46.166666666666664,40.666666666666664,56.666666666666664,49.666666666666664,56.166666666666664
afrixnli,61.33333333333333,85.66666666666667,54.50000000000001,74.66666666666667,61.5,45.0,64.5,30.5,63.66666666666667,50.16666666666667,56.99999999999999,68.33333333333333,70.5,56.00000000000001,50.0,68.83333333333333,63.66666666666667,63.66666666666667
