Name,amh.tsv,eng.tsv,ewe.tsv,fra.tsv,hau.tsv,ibo.tsv,kin.tsv,lin.tsv,lug.tsv,orm.tsv,sna.tsv,sot.tsv,swa.tsv,twi.tsv,wol.tsv,xho.tsv,yor.tsv,zul.tsv
nli_gpt,0.0,0.0,0.0,0.0,0.0,0.0,0.0,0.0,0.0,0.0,0.0,0.0,0.0,0.0,0.0,0.0,0.0,0.0
nli_gpt,0.0,0.0,0.0,0.0,0.0,0.0,0.0,0.0,0.0,0.0,0.0,0.0,0.0,0.0,0.0,0.0,0.0,0.0
nli_gpt,0.0,0.0,0.0,0.0,0.0,0.0,0.0,0.0,0.0,0.0,0.0,0.0,0.0,0.0,0.0,0.0,0.0,0.0
nli_gpt,32.5,48.0,35.66666666666667,55.333333333333336,36.666666666666664,35.333333333333336,37.0,33.0,37.166666666666664,40.0,38.666666666666664,35.833333333333336,45.5,33.83333333333333,36.16666666666667,38.0,37.0,39.666666666666664
nli_gpt,32.666666666666664,62.5,36.0,58.5,36.666666666666664,36.16666666666667,37.0,33.166666666666664,37.333333333333336,40.0,38.83333333333333,35.833333333333336,49.166666666666664,33.83333333333333,36.333333333333336,38.0,39.666666666666664,39.666666666666664
