Name,amh.tsv,eng.tsv,ewe.tsv,fra.tsv,hau.tsv,ibo.tsv,kin.tsv,lin.tsv,lug.tsv,orm.tsv,sna.tsv,sot.tsv,swa.tsv,twi.tsv,wol.tsv,xho.tsv,yor.tsv,zul.tsv
nli_gpt,66.66666666666666,86.16666666666667,48.333333333333336,78.66666666666666,69.16666666666667,68.16666666666666,66.83333333333333,31.166666666666664,67.16666666666666,66.16666666666666,69.83333333333334,68.33333333333333,72.5,53.166666666666664,49.5,72.5,63.5,70.0
