Name,amh.tsv,ewe.tsv,fra.tsv,hau.tsv,ibo.tsv,kin.tsv,lin.tsv,lug.tsv,orm.tsv,sna.tsv,sot.tsv,swa.tsv,twi.tsv,wol.tsv,xho.tsv,yor.tsv,zul.tsv
afrixnli_tt_gpt3.5,59.166666666666664,47.333333333333336,65.83333333333333,51.0,56.00000000000001,53.833333333333336,33.0,54.0,52.0,53.5,57.99999999999999,56.333333333333336,47.16666666666667,43.5,59.833333333333336,52.83333333333333,57.666666666666664
afrixnli_gpt3,36.666666666666664,72.0,36.16666666666667,64.66666666666666,40.5,40.33333333333333,44.666666666666664,34.833333333333336,42.66666666666667,39.83333333333333,47.5,41.333333333333336,57.99999999999999,38.83333333333333,37.0,43.0,39.666666666666664,42.66666666666667
afrixnli_gpt4,65.16666666666666,86.0,38.666666666666664,82.16666666666667,69.33333333333334,69.5,67.66666666666666,32.166666666666664,65.0,58.333333333333336,67.5,65.66666666666666,67.16666666666666,47.5,39.666666666666664,72.0,65.33333333333333,69.16666666666667
afrixnli_tt_gpt4,64.0,43.0,75.16666666666667,52.83333333333333,59.0,55.833333333333336,31.666666666666664,51.0,52.5,55.833333333333336,58.5,60.16666666666667,45.0,39.666666666666664,63.16666666666667,52.5,59.5
