Name,amh.tsv,ewe.tsv,fra.tsv,hau.tsv,ibo.tsv,kin.tsv,lin.tsv,lug.tsv,orm.tsv,sna.tsv,sot.tsv,swa.tsv,twi.tsv,wol.tsv,xho.tsv,yor.tsv,zul.tsv
nli_gpt,69.0,50.66666666666667,80.0,62.16666666666667,63.33333333333333,61.0,33.0,63.16666666666667,58.666666666666664,65.83333333333333,67.0,69.5,51.33333333333333,46.166666666666664,69.66666666666667,60.5,67.33333333333333
